{"42": {"becameSuitTime": 1472090044.475, "savedBy": null, "track": "m", "numFloors": "3", "difficulty": "2", "state": "suit", "block": "42"}, "58": {"becameSuitTime": 1472090044.476, "savedBy": null, "track": "s", "numFloors": "3", "difficulty": "4", "state": "suit", "block": "58"}, "29": {"becameSuitTime": 1472090350.603, "savedBy": null, "track": "m", "numFloors": "3", "difficulty": "2", "state": "suit", "block": "29"}, "23": {"becameSuitTime": 1472090044.476, "savedBy": null, "track": "s", "numFloors": "2", "difficulty": "4", "state": "suit", "block": "23"}}