{"19": {"becameSuitTime": 1472090334.997, "savedBy": null, "track": "s", "numFloors": "1", "difficulty": "2", "state": "suit", "block": "19"}, "24": {"becameSuitTime": 1472090043.824, "savedBy": null, "track": "l", "numFloors": "4", "difficulty": "4", "state": "suit", "block": "24"}, "11": {"becameSuitTime": 1472090186.499, "savedBy": null, "track": "l", "numFloors": "3", "difficulty": "3", "state": "suit", "block": "11"}, "28": {"becameSuitTime": 1472090430.134, "savedBy": null, "track": "l", "numFloors": "3", "difficulty": "4", "state": "suit", "block": "28"}, "32": {"becameSuitTime": 1472090236.068, "savedBy": null, "track": "l", "numFloors": "2", "difficulty": "4", "state": "suit", "block": "32"}}