{"12": {"becameSuitTime": 1472090307.569, "savedBy": null, "track": "c", "numFloors": "1", "difficulty": "1", "state": "suit", "block": "12"}, "15": {"becameSuitTime": 1472090142.567, "savedBy": null, "track": "c", "numFloors": "3", "difficulty": "3", "state": "suit", "block": "15"}, "17": {"becameSuitTime": 1472090389.297, "savedBy": null, "track": "c", "numFloors": "2", "difficulty": "3", "state": "suit", "block": "17"}, "19": {"becameSuitTime": 1472090440.923, "savedBy": null, "track": "c", "numFloors": "3", "difficulty": "3", "state": "suit", "block": "19"}, "22": {"becameSuitTime": 1472090099.008, "savedBy": null, "track": "c", "numFloors": "3", "difficulty": "3", "state": "suit", "block": "22"}, "24": {"becameSuitTime": 1472090043.8, "savedBy": null, "track": "c", "numFloors": "4", "difficulty": "4", "state": "suit", "block": "24"}}