{"40": {"becameSuitTime": 1472090379.409, "savedBy": null, "track": "c", "numFloors": "4", "difficulty": "5", "state": "suit", "block": "40"}, "48": {"becameSuitTime": 1472090176.254, "savedBy": null, "track": "l", "numFloors": "3", "difficulty": "4", "state": "suit", "block": "48"}, "50": {"becameSuitTime": 1472090044.506, "savedBy": null, "track": "l", "numFloors": "5", "difficulty": "6", "state": "suit", "block": "50"}, "19": {"becameSuitTime": 1472090091.83, "savedBy": null, "track": "c", "numFloors": "2", "difficulty": "3", "state": "suit", "block": "19"}, "27": {"becameSuitTime": 1472090044.506, "savedBy": null, "track": "l", "numFloors": "4", "difficulty": "5", "state": "suit", "block": "27"}, "29": {"becameSuitTime": 1472090044.506, "savedBy": null, "track": "c", "numFloors": "3", "difficulty": "5", "state": "suit", "block": "29"}}