{"34": {"becameSuitTime": 1472090159.699, "savedBy": null, "track": "l", "numFloors": "5", "difficulty": "8", "state": "suit", "block": "34"}, "40": {"becameSuitTime": 1472090266.274, "savedBy": null, "track": "s", "numFloors": "5", "difficulty": "7", "state": "suit", "block": "40"}, "44": {"becameSuitTime": 1472090321.744, "savedBy": null, "track": "c", "numFloors": "4", "difficulty": "7", "state": "suit", "block": "44"}, "13": {"becameSuitTime": 1472090045.177, "savedBy": null, "track": "l", "numFloors": "5", "difficulty": "7", "state": "suit", "block": "13"}, "47": {"becameSuitTime": 1472090045.179, "savedBy": null, "track": "l", "numFloors": "5", "difficulty": "8", "state": "suit", "block": "47"}, "49": {"becameSuitTime": 1472090305.186, "savedBy": null, "track": "c", "numFloors": "5", "difficulty": "7", "state": "suit", "block": "49"}, "28": {"becameSuitTime": 1472090354.72, "savedBy": null, "track": "c", "numFloors": "3", "difficulty": "6", "state": "suit", "block": "28"}, "29": {"becameSuitTime": 1472090045.177, "savedBy": null, "track": "l", "numFloors": "6", "difficulty": "9", "state": "suit", "block": "29"}, "30": {"becameSuitTime": 1472090182.846, "savedBy": null, "track": "s", "numFloors": "5", "difficulty": "8", "state": "suit", "block": "30"}, "31": {"becameSuitTime": 1472090045.178, "savedBy": null, "track": "s", "numFloors": "6", "difficulty": "9", "state": "suit", "block": "31"}}