{"33": {"becameSuitTime": 1472090200.857, "savedBy": null, "track": "c", "numFloors": "1", "difficulty": "0", "state": "suit", "block": "33"}, "66": {"becameSuitTime": 1472090262.224, "savedBy": null, "track": "m", "numFloors": "2", "difficulty": "1", "state": "suit", "block": "66"}, "38": {"becameSuitTime": 1472090393.524, "savedBy": null, "track": "c", "numFloors": "2", "difficulty": "2", "state": "suit", "block": "38"}, "16": {"becameSuitTime": 1472090102.633, "savedBy": null, "track": "c", "numFloors": "1", "difficulty": "2", "state": "suit", "block": "16"}, "25": {"becameSuitTime": 1472090308.561, "savedBy": null, "track": "l", "numFloors": "1", "difficulty": "1", "state": "suit", "block": "25"}, "62": {"becameSuitTime": 1472090347.631, "savedBy": null, "track": "m", "numFloors": "1", "difficulty": "0", "state": "suit", "block": "62"}}