{"32": {"becameSuitTime": 1472090355.04, "savedBy": null, "track": "s", "numFloors": "4", "difficulty": "4", "state": "suit", "block": "32"}, "38": {"becameSuitTime": 1472090044.844, "savedBy": null, "track": "m", "numFloors": "5", "difficulty": "7", "state": "suit", "block": "38"}, "10": {"becameSuitTime": 1472090044.844, "savedBy": null, "track": "m", "numFloors": "3", "difficulty": "5", "state": "suit", "block": "10"}, "15": {"becameSuitTime": 1472090412.597, "savedBy": null, "track": "s", "numFloors": "2", "difficulty": "4", "state": "suit", "block": "15"}, "18": {"becameSuitTime": 1472090347.392, "savedBy": null, "track": "m", "numFloors": "4", "difficulty": "6", "state": "suit", "block": "18"}, "21": {"becameSuitTime": 1472090165.378, "savedBy": null, "track": "m", "numFloors": "4", "difficulty": "6", "state": "suit", "block": "21"}, "23": {"becameSuitTime": 1472090044.844, "savedBy": null, "track": "l", "numFloors": "5", "difficulty": "6", "state": "suit", "block": "23"}, "24": {"becameSuitTime": 1472090405.068, "savedBy": null, "track": "c", "numFloors": "5", "difficulty": "6", "state": "suit", "block": "24"}, "25": {"becameSuitTime": 1472090174.652, "savedBy": null, "track": "s", "numFloors": "4", "difficulty": "5", "state": "suit", "block": "25"}, "28": {"becameSuitTime": 1472090044.844, "savedBy": null, "track": "m", "numFloors": "3", "difficulty": "6", "state": "suit", "block": "28"}}