{"10": {"becameSuitTime": 1472090077.61, "savedBy": null, "track": "m", "numFloors": "3", "difficulty": "3", "state": "suit", "block": "10"}, "13": {"becameSuitTime": 1472090097.929, "savedBy": null, "track": "m", "numFloors": "2", "difficulty": "3", "state": "suit", "block": "13"}, "14": {"becameSuitTime": 1472090119.617, "savedBy": null, "track": "m", "numFloors": "2", "difficulty": "4", "state": "suit", "block": "14"}, "17": {"becameSuitTime": 1472090177.033, "savedBy": null, "track": "s", "numFloors": "3", "difficulty": "3", "state": "suit", "block": "17"}, "18": {"becameSuitTime": 1472090311.657, "savedBy": null, "track": "m", "numFloors": "4", "difficulty": "4", "state": "suit", "block": "18"}, "26": {"becameSuitTime": 1472090272.412, "savedBy": null, "track": "m", "numFloors": "2", "difficulty": "4", "state": "suit", "block": "26"}, "27": {"becameSuitTime": 1472090213.817, "savedBy": null, "track": "m", "numFloors": "2", "difficulty": "3", "state": "suit", "block": "27"}}