{"41": {"becameSuitTime": 1472090358.894, "savedBy": null, "track": "s", "numFloors": "1", "difficulty": "0", "state": "suit", "block": "41"}, "34": {"becameSuitTime": 1472090212.426, "savedBy": null, "track": "s", "numFloors": "1", "difficulty": "2", "state": "suit", "block": "34"}, "29": {"becameSuitTime": 1472090306.019, "savedBy": null, "track": "s", "numFloors": "2", "difficulty": "2", "state": "suit", "block": "29"}, "23": {"becameSuitTime": 1472090133.919, "savedBy": null, "track": "s", "numFloors": "2", "difficulty": "2", "state": "suit", "block": "23"}}