{"15": {"becameSuitTime": 1472090044.857, "savedBy": null, "track": "l", "numFloors": "5", "difficulty": "8", "state": "suit", "block": "15"}, "17": {"becameSuitTime": 1472090259.287, "savedBy": null, "track": "l", "numFloors": "5", "difficulty": "8", "state": "suit", "block": "17"}, "18": {"becameSuitTime": 1472090221.008, "savedBy": null, "track": "l", "numFloors": "5", "difficulty": "6", "state": "suit", "block": "18"}, "20": {"becameSuitTime": 1472090427.473, "savedBy": null, "track": "c", "numFloors": "5", "difficulty": "8", "state": "suit", "block": "20"}, "21": {"becameSuitTime": 1472090114.876, "savedBy": null, "track": "l", "numFloors": "5", "difficulty": "8", "state": "suit", "block": "21"}, "24": {"becameSuitTime": 1472090445.469, "savedBy": null, "track": "l", "numFloors": "3", "difficulty": "6", "state": "suit", "block": "24"}, "25": {"becameSuitTime": 1472090044.856, "savedBy": null, "track": "l", "numFloors": "6", "difficulty": "9", "state": "suit", "block": "25"}, "27": {"becameSuitTime": 1472090334.519, "savedBy": null, "track": "l", "numFloors": "5", "difficulty": "7", "state": "suit", "block": "27"}, "29": {"becameSuitTime": 1472090044.857, "savedBy": null, "track": "c", "numFloors": "5", "difficulty": "8", "state": "suit", "block": "29"}, "30": {"becameSuitTime": 1472090044.857, "savedBy": null, "track": "l", "numFloors": "5", "difficulty": "7", "state": "suit", "block": "30"}}