{"2": {"becameSuitTime": 1472090045.211, "savedBy": null, "track": "c", "numFloors": "6", "difficulty": "9", "state": "suit", "block": "2"}, "6": {"becameSuitTime": 1472090045.211, "savedBy": null, "track": "s", "numFloors": "5", "difficulty": "7", "state": "suit", "block": "6"}, "8": {"becameSuitTime": 1472090045.211, "savedBy": null, "track": "s", "numFloors": "5", "difficulty": "8", "state": "suit", "block": "8"}, "9": {"becameSuitTime": 1472090281.817, "savedBy": null, "track": "s", "numFloors": "5", "difficulty": "8", "state": "suit", "block": "9"}, "20": {"becameSuitTime": 1472090308.839, "savedBy": null, "track": "l", "numFloors": "4", "difficulty": "7", "state": "suit", "block": "20"}, "21": {"becameSuitTime": 1472090045.212, "savedBy": null, "track": "l", "numFloors": "5", "difficulty": "8", "state": "suit", "block": "21"}, "22": {"becameSuitTime": 1472090045.211, "savedBy": null, "track": "l", "numFloors": "5", "difficulty": "7", "state": "suit", "block": "22"}, "26": {"becameSuitTime": 1472090045.21, "savedBy": null, "track": "c", "numFloors": "6", "difficulty": "9", "state": "suit", "block": "26"}, "27": {"becameSuitTime": 1472090164.022, "savedBy": null, "track": "m", "numFloors": "5", "difficulty": "7", "state": "suit", "block": "27"}, "28": {"becameSuitTime": 1472090395.477, "savedBy": null, "track": "c", "numFloors": "4", "difficulty": "7", "state": "suit", "block": "28"}}