{"36": {"becameSuitTime": 1472090044.83, "savedBy": null, "track": "c", "numFloors": "4", "difficulty": "6", "state": "suit", "block": "36"}, "43": {"becameSuitTime": 1472090233.67, "savedBy": null, "track": "c", "numFloors": "3", "difficulty": "4", "state": "suit", "block": "43"}, "12": {"becameSuitTime": 1472090368.219, "savedBy": null, "track": "c", "numFloors": "3", "difficulty": "5", "state": "suit", "block": "12"}, "15": {"becameSuitTime": 1472090172.659, "savedBy": null, "track": "c", "numFloors": "4", "difficulty": "5", "state": "suit", "block": "15"}, "49": {"becameSuitTime": 1472090332.168, "savedBy": null, "track": "c", "numFloors": "2", "difficulty": "4", "state": "suit", "block": "49"}, "53": {"becameSuitTime": 1472090091.672, "savedBy": null, "track": "c", "numFloors": "4", "difficulty": "4", "state": "suit", "block": "53"}, "22": {"becameSuitTime": 1472090164.299, "savedBy": null, "track": "c", "numFloors": "4", "difficulty": "4", "state": "suit", "block": "22"}, "30": {"becameSuitTime": 1472090044.829, "savedBy": null, "track": "c", "numFloors": "5", "difficulty": "6", "state": "suit", "block": "30"}}