{"34": {"becameSuitTime": 1472090414.987, "savedBy": null, "track": "m", "numFloors": "3", "difficulty": "3", "state": "suit", "block": "34"}, "38": {"becameSuitTime": 1472090044.488, "savedBy": null, "track": "m", "numFloors": "3", "difficulty": "6", "state": "suit", "block": "38"}, "16": {"becameSuitTime": 1472090086.73, "savedBy": null, "track": "m", "numFloors": "2", "difficulty": "4", "state": "suit", "block": "16"}, "18": {"becameSuitTime": 1472090297.169, "savedBy": null, "track": "m", "numFloors": "4", "difficulty": "5", "state": "suit", "block": "18"}, "20": {"becameSuitTime": 1472090191.998, "savedBy": null, "track": "m", "numFloors": "2", "difficulty": "4", "state": "suit", "block": "20"}, "23": {"becameSuitTime": 1472090044.489, "savedBy": null, "track": "m", "numFloors": "3", "difficulty": "4", "state": "suit", "block": "23"}, "28": {"becameSuitTime": 1472090044.489, "savedBy": null, "track": "m", "numFloors": "2", "difficulty": "4", "state": "suit", "block": "28"}}