{"11": {"becameSuitTime": 1472090330.575, "savedBy": null, "track": "l", "numFloors": "2", "difficulty": "3", "state": "suit", "block": "11"}, "12": {"becameSuitTime": 1472090044.102, "savedBy": null, "track": "s", "numFloors": "3", "difficulty": "4", "state": "suit", "block": "12"}, "14": {"becameSuitTime": 1472090133.204, "savedBy": null, "track": "s", "numFloors": "3", "difficulty": "3", "state": "suit", "block": "14"}, "18": {"becameSuitTime": 1472090163.067, "savedBy": null, "track": "l", "numFloors": "3", "difficulty": "4", "state": "suit", "block": "18"}, "21": {"becameSuitTime": 1472090411.962, "savedBy": null, "track": "l", "numFloors": "3", "difficulty": "3", "state": "suit", "block": "21"}, "27": {"becameSuitTime": 1472090190.961, "savedBy": null, "track": "l", "numFloors": "3", "difficulty": "4", "state": "suit", "block": "27"}}