{"33": {"becameSuitTime": 1472090390.73, "savedBy": null, "track": "s", "numFloors": "2", "difficulty": "3", "state": "suit", "block": "33"}, "35": {"becameSuitTime": 1472090124.523, "savedBy": null, "track": "c", "numFloors": "3", "difficulty": "4", "state": "suit", "block": "35"}, "36": {"becameSuitTime": 1472090044.114, "savedBy": null, "track": "s", "numFloors": "4", "difficulty": "4", "state": "suit", "block": "36"}, "15": {"becameSuitTime": 1472090380.967, "savedBy": null, "track": "s", "numFloors": "2", "difficulty": "2", "state": "suit", "block": "15"}, "17": {"becameSuitTime": 1472090138.839, "savedBy": null, "track": "s", "numFloors": "2", "difficulty": "3", "state": "suit", "block": "17"}, "21": {"becameSuitTime": 1472090430.252, "savedBy": null, "track": "s", "numFloors": "3", "difficulty": "5", "state": "suit", "block": "21"}, "26": {"becameSuitTime": 1472090044.114, "savedBy": null, "track": "s", "numFloors": "5", "difficulty": "6", "state": "suit", "block": "26"}, "30": {"becameSuitTime": 1472090194.917, "savedBy": null, "track": "s", "numFloors": "3", "difficulty": "4", "state": "suit", "block": "30"}}