{"33": {"becameSuitTime": 1472090350.921, "savedBy": null, "track": "l", "numFloors": "1", "difficulty": "0", "state": "suit", "block": "33"}, "35": {"becameSuitTime": 1472090400.736, "savedBy": null, "track": "l", "numFloors": "1", "difficulty": "1", "state": "suit", "block": "35"}, "43": {"becameSuitTime": 1472090268.7, "savedBy": null, "track": "m", "numFloors": "2", "difficulty": "1", "state": "suit", "block": "43"}, "39": {"becameSuitTime": 1472090149.935, "savedBy": null, "track": "l", "numFloors": "2", "difficulty": "2", "state": "suit", "block": "39"}, "31": {"becameSuitTime": 1472090200.898, "savedBy": null, "track": "s", "numFloors": "1", "difficulty": "1", "state": "suit", "block": "31"}}