{"40": {"becameSuitTime": 1472090139.158, "savedBy": null, "track": "m", "numFloors": "4", "difficulty": "6", "state": "suit", "block": "40"}, "13": {"becameSuitTime": 1472090045.199, "savedBy": null, "track": "m", "numFloors": "6", "difficulty": "9", "state": "suit", "block": "13"}, "15": {"becameSuitTime": 1472090045.199, "savedBy": null, "track": "c", "numFloors": "5", "difficulty": "8", "state": "suit", "block": "15"}, "18": {"becameSuitTime": 1472090045.199, "savedBy": null, "track": "m", "numFloors": "6", "difficulty": "9", "state": "suit", "block": "18"}, "20": {"becameSuitTime": 1472090045.198, "savedBy": null, "track": "m", "numFloors": "6", "difficulty": "9", "state": "suit", "block": "20"}, "59": {"becameSuitTime": 1472090045.198, "savedBy": null, "track": "m", "numFloors": "6", "difficulty": "9", "state": "suit", "block": "59"}}