{"28": {"becameSuitTime": 1471739416.524, "savedBy": null, "track": "c", "numFloors": "1", "difficulty": "1", "state": "suit", "block": "28"}, "19": {"becameSuitTime": 1471739640.567, "savedBy": null, "track": "c", "numFloors": "2", "difficulty": "2", "state": "suit", "block": "19"}, "20": {"becameSuitTime": 1471739597.501, "savedBy": null, "track": "c", "numFloors": "2", "difficulty": "2", "state": "suit", "block": "20"}, "15": {"becameSuitTime": 1471739313.563, "savedBy": null, "track": "c", "numFloors": "3", "difficulty": "2", "state": "suit", "block": "15"}}