{"33": {"becameSuitTime": 1472066428.585, "savedBy": null, "track": "m", "numFloors": "5", "difficulty": "6", "state": "suit", "block": "33"}, "36": {"becameSuitTime": 1472066584.251, "savedBy": null, "track": "m", "numFloors": "2", "difficulty": "3", "state": "suit", "block": "36"}, "10": {"becameSuitTime": 1472066537.359, "savedBy": null, "track": "m", "numFloors": "4", "difficulty": "5", "state": "suit", "block": "10"}, "20": {"becameSuitTime": 1472066777.027, "savedBy": null, "track": "m", "numFloors": "3", "difficulty": "3", "state": "suit", "block": "20"}, "24": {"becameSuitTime": 1472066669.312, "savedBy": null, "track": "m", "numFloors": "2", "difficulty": "3", "state": "suit", "block": "24"}, "31": {"becameSuitTime": 1472066428.585, "savedBy": null, "track": "s", "numFloors": "3", "difficulty": "5", "state": "suit", "block": "31"}}