{"32": {"becameSuitTime": 1472313412.181, "savedBy": null, "track": "s", "numFloors": "2", "difficulty": "4", "state": "suit", "block": "32"}, "35": {"becameSuitTime": 1472313412.181, "savedBy": null, "track": "m", "numFloors": "3", "difficulty": "4", "state": "suit", "block": "35"}, "53": {"becameSuitTime": 1472313412.18, "savedBy": null, "track": "s", "numFloors": "2", "difficulty": "3", "state": "suit", "block": "53"}, "30": {"becameSuitTime": 1472313497.421, "savedBy": null, "track": "s", "numFloors": "1", "difficulty": "2", "state": "suit", "block": "30"}}