{"35": {"becameSuitTime": 1472066428.926, "savedBy": null, "track": "c", "numFloors": "3", "difficulty": "5", "state": "suit", "block": "35"}, "38": {"becameSuitTime": 1472066428.927, "savedBy": null, "track": "c", "numFloors": "4", "difficulty": "7", "state": "suit", "block": "38"}, "43": {"becameSuitTime": 1472066567.508, "savedBy": null, "track": "c", "numFloors": "4", "difficulty": "6", "state": "suit", "block": "43"}, "44": {"becameSuitTime": 1472066428.927, "savedBy": null, "track": "c", "numFloors": "4", "difficulty": "5", "state": "suit", "block": "44"}, "15": {"becameSuitTime": 1472066731.665, "savedBy": null, "track": "c", "numFloors": "4", "difficulty": "5", "state": "suit", "block": "15"}, "49": {"becameSuitTime": 1472066428.925, "savedBy": null, "track": "c", "numFloors": "4", "difficulty": "5", "state": "suit", "block": "49"}}