{"32": {"becameSuitTime": 1471739437.858, "savedBy": null, "track": "s", "numFloors": "1", "difficulty": "1", "state": "suit", "block": "32"}, "38": {"becameSuitTime": 1471739637.008, "savedBy": null, "track": "m", "numFloors": "3", "difficulty": "3", "state": "suit", "block": "38"}, "46": {"becameSuitTime": 1471739630.959, "savedBy": null, "track": "m", "numFloors": "3", "difficulty": "2", "state": "suit", "block": "46"}, "14": {"becameSuitTime": 1471739314.528, "savedBy": null, "track": "s", "numFloors": "2", "difficulty": "3", "state": "suit", "block": "14"}, "23": {"becameSuitTime": 1471739314.528, "savedBy": null, "track": "m", "numFloors": "3", "difficulty": "4", "state": "suit", "block": "23"}, "58": {"becameSuitTime": 1471739314.529, "savedBy": null, "track": "s", "numFloors": "3", "difficulty": "3", "state": "suit", "block": "58"}, "29": {"becameSuitTime": 1471739384.062, "savedBy": null, "track": "s", "numFloors": "3", "difficulty": "2", "state": "suit", "block": "29"}}