{"19": {"becameSuitTime": 1472066606.041, "savedBy": null, "track": "c", "numFloors": "3", "difficulty": "4", "state": "suit", "block": "19"}, "13": {"becameSuitTime": 1472066709.153, "savedBy": null, "track": "s", "numFloors": "3", "difficulty": "3", "state": "suit", "block": "13"}, "14": {"becameSuitTime": 1472066622.717, "savedBy": null, "track": "l", "numFloors": "2", "difficulty": "4", "state": "suit", "block": "14"}, "15": {"becameSuitTime": 1472066427.824, "savedBy": null, "track": "c", "numFloors": "3", "difficulty": "3", "state": "suit", "block": "15"}}