{"59": {"becameSuitTime": 1472066429.525, "savedBy": null, "track": "m", "numFloors": "5", "difficulty": "7", "state": "suit", "block": "59"}, "40": {"becameSuitTime": 1472066515.277, "savedBy": null, "track": "m", "numFloors": "5", "difficulty": "8", "state": "suit", "block": "40"}, "10": {"becameSuitTime": 1472066538.408, "savedBy": null, "track": "m", "numFloors": "4", "difficulty": "6", "state": "suit", "block": "10"}, "15": {"becameSuitTime": 1472066429.526, "savedBy": null, "track": "m", "numFloors": "5", "difficulty": "8", "state": "suit", "block": "15"}, "17": {"becameSuitTime": 1472066429.527, "savedBy": null, "track": "s", "numFloors": "5", "difficulty": "7", "state": "suit", "block": "17"}, "18": {"becameSuitTime": 1472066525.429, "savedBy": null, "track": "m", "numFloors": "5", "difficulty": "6", "state": "suit", "block": "18"}, "21": {"becameSuitTime": 1472066746.757, "savedBy": null, "track": "m", "numFloors": "5", "difficulty": "8", "state": "suit", "block": "21"}, "27": {"becameSuitTime": 1472066429.525, "savedBy": null, "track": "m", "numFloors": "6", "difficulty": "9", "state": "suit", "block": "27"}}