{"25": {"becameSuitTime": 1471739507.797, "savedBy": null, "track": "c", "numFloors": "4", "difficulty": "4", "state": "suit", "block": "25"}, "18": {"becameSuitTime": 1471739632.63, "savedBy": null, "track": "l", "numFloors": "4", "difficulty": "4", "state": "suit", "block": "18"}, "19": {"becameSuitTime": 1471739366.842, "savedBy": null, "track": "l", "numFloors": "3", "difficulty": "2", "state": "suit", "block": "19"}, "29": {"becameSuitTime": 1471739411.97, "savedBy": null, "track": "c", "numFloors": "4", "difficulty": "4", "state": "suit", "block": "29"}}