{"33": {"becameSuitTime": 1471739554.847, "savedBy": null, "track": "m", "numFloors": "4", "difficulty": "5", "state": "suit", "block": "33"}, "34": {"becameSuitTime": 1471739590.973, "savedBy": null, "track": "m", "numFloors": "2", "difficulty": "3", "state": "suit", "block": "34"}, "36": {"becameSuitTime": 1471739389.651, "savedBy": null, "track": "m", "numFloors": "3", "difficulty": "3", "state": "suit", "block": "36"}, "37": {"becameSuitTime": 1471739314.546, "savedBy": null, "track": "m", "numFloors": "3", "difficulty": "5", "state": "suit", "block": "37"}, "10": {"becameSuitTime": 1471739314.546, "savedBy": null, "track": "m", "numFloors": "4", "difficulty": "4", "state": "suit", "block": "10"}, "12": {"becameSuitTime": 1471739456.261, "savedBy": null, "track": "m", "numFloors": "3", "difficulty": "3", "state": "suit", "block": "12"}, "19": {"becameSuitTime": 1471739314.547, "savedBy": null, "track": "m", "numFloors": "3", "difficulty": "5", "state": "suit", "block": "19"}}