{"4": {"becameSuitTime": 1471739420.883, "savedBy": null, "track": "m", "numFloors": "5", "difficulty": "8", "state": "suit", "block": "4"}, "6": {"becameSuitTime": 1471739608.913, "savedBy": null, "track": "s", "numFloors": "5", "difficulty": "7", "state": "suit", "block": "6"}, "9": {"becameSuitTime": 1471739573.0, "savedBy": null, "track": "s", "numFloors": "5", "difficulty": "8", "state": "suit", "block": "9"}, "12": {"becameSuitTime": 1471739315.483, "savedBy": null, "track": "l", "numFloors": "6", "difficulty": "9", "state": "suit", "block": "12"}, "14": {"becameSuitTime": 1471739421.692, "savedBy": null, "track": "m", "numFloors": "5", "difficulty": "8", "state": "suit", "block": "14"}, "15": {"becameSuitTime": 1471739315.483, "savedBy": null, "track": "l", "numFloors": "5", "difficulty": "8", "state": "suit", "block": "15"}, "17": {"becameSuitTime": 1471739315.482, "savedBy": null, "track": "s", "numFloors": "4", "difficulty": "7", "state": "suit", "block": "17"}, "19": {"becameSuitTime": 1471739315.482, "savedBy": null, "track": "l", "numFloors": "5", "difficulty": "7", "state": "suit", "block": "19"}, "20": {"becameSuitTime": 1471739315.482, "savedBy": null, "track": "s", "numFloors": "4", "difficulty": "7", "state": "suit", "block": "20"}, "21": {"becameSuitTime": 1471739315.483, "savedBy": null, "track": "l", "numFloors": "5", "difficulty": "8", "state": "suit", "block": "21"}, "22": {"becameSuitTime": 1471739644.947, "savedBy": null, "track": "l", "numFloors": "5", "difficulty": "8", "state": "suit", "block": "22"}, "24": {"becameSuitTime": 1471739666.072, "savedBy": null, "track": "s", "numFloors": "5", "difficulty": "8", "state": "suit", "block": "24"}, "27": {"becameSuitTime": 1471739529.227, "savedBy": null, "track": "c", "numFloors": "4", "difficulty": "7", "state": "suit", "block": "27"}}