{"71": {"becameSuitTime": 1471739314.565, "savedBy": null, "track": "c", "numFloors": "4", "difficulty": "6", "state": "suit", "block": "71"}, "44": {"becameSuitTime": 1471739314.566, "savedBy": null, "track": "l", "numFloors": "3", "difficulty": "6", "state": "suit", "block": "44"}, "45": {"becameSuitTime": 1471739537.796, "savedBy": null, "track": "c", "numFloors": "3", "difficulty": "4", "state": "suit", "block": "45"}, "48": {"becameSuitTime": 1471739634.109, "savedBy": null, "track": "l", "numFloors": "2", "difficulty": "3", "state": "suit", "block": "48"}, "52": {"becameSuitTime": 1471739536.163, "savedBy": null, "track": "c", "numFloors": "3", "difficulty": "5", "state": "suit", "block": "52"}, "54": {"becameSuitTime": 1471739631.317, "savedBy": null, "track": "c", "numFloors": "3", "difficulty": "3", "state": "suit", "block": "54"}, "29": {"becameSuitTime": 1471739564.664, "savedBy": null, "track": "l", "numFloors": "2", "difficulty": "4", "state": "suit", "block": "29"}}