{"8": {"becameSuitTime": 1472313413.03, "savedBy": null, "track": "l", "numFloors": "4", "difficulty": "7", "state": "suit", "block": "8"}, "9": {"becameSuitTime": 1472313413.03, "savedBy": null, "track": "c", "numFloors": "4", "difficulty": "7", "state": "suit", "block": "9"}, "16": {"becameSuitTime": 1472313413.03, "savedBy": null, "track": "l", "numFloors": "5", "difficulty": "8", "state": "suit", "block": "16"}, "17": {"becameSuitTime": 1472313413.029, "savedBy": null, "track": "m", "numFloors": "6", "difficulty": "9", "state": "suit", "block": "17"}, "19": {"becameSuitTime": 1472313413.029, "savedBy": null, "track": "l", "numFloors": "5", "difficulty": "8", "state": "suit", "block": "19"}, "24": {"becameSuitTime": 1472313493.7, "savedBy": null, "track": "m", "numFloors": "3", "difficulty": "6", "state": "suit", "block": "24"}, "27": {"becameSuitTime": 1472313413.03, "savedBy": null, "track": "l", "numFloors": "6", "difficulty": "9", "state": "suit", "block": "27"}}