{"33": {"becameSuitTime": 1472066546.893, "savedBy": null, "track": "s", "numFloors": "3", "difficulty": "5", "state": "suit", "block": "33"}, "35": {"becameSuitTime": 1472066428.194, "savedBy": null, "track": "s", "numFloors": "4", "difficulty": "5", "state": "suit", "block": "35"}, "10": {"becameSuitTime": 1472066713.704, "savedBy": null, "track": "s", "numFloors": "4", "difficulty": "5", "state": "suit", "block": "10"}, "15": {"becameSuitTime": 1472066640.603, "savedBy": null, "track": "s", "numFloors": "2", "difficulty": "3", "state": "suit", "block": "15"}, "17": {"becameSuitTime": 1472066712.129, "savedBy": null, "track": "s", "numFloors": "4", "difficulty": "4", "state": "suit", "block": "17"}, "21": {"becameSuitTime": 1472066428.194, "savedBy": null, "track": "s", "numFloors": "4", "difficulty": "6", "state": "suit", "block": "21"}, "27": {"becameSuitTime": 1472066729.512, "savedBy": null, "track": "s", "numFloors": "3", "difficulty": "4", "state": "suit", "block": "27"}, "30": {"becameSuitTime": 1472066515.317, "savedBy": null, "track": "s", "numFloors": "4", "difficulty": "4", "state": "suit", "block": "30"}}