{"35": {"becameSuitTime": 1472066563.663, "savedBy": null, "track": "l", "numFloors": "5", "difficulty": "6", "state": "suit", "block": "35"}, "36": {"becameSuitTime": 1472066428.945, "savedBy": null, "track": "s", "numFloors": "3", "difficulty": "5", "state": "suit", "block": "36"}, "37": {"becameSuitTime": 1472066671.498, "savedBy": null, "track": "c", "numFloors": "3", "difficulty": "4", "state": "suit", "block": "37"}, "38": {"becameSuitTime": 1472066628.583, "savedBy": null, "track": "l", "numFloors": "3", "difficulty": "5", "state": "suit", "block": "38"}, "13": {"becameSuitTime": 1472066428.946, "savedBy": null, "track": "m", "numFloors": "4", "difficulty": "5", "state": "suit", "block": "13"}, "16": {"becameSuitTime": 1472066526.39, "savedBy": null, "track": "m", "numFloors": "4", "difficulty": "5", "state": "suit", "block": "16"}, "24": {"becameSuitTime": 1472066753.711, "savedBy": null, "track": "m", "numFloors": "3", "difficulty": "6", "state": "suit", "block": "24"}, "26": {"becameSuitTime": 1472066428.946, "savedBy": null, "track": "s", "numFloors": "3", "difficulty": "6", "state": "suit", "block": "26"}, "28": {"becameSuitTime": 1472066428.945, "savedBy": null, "track": "s", "numFloors": "5", "difficulty": "6", "state": "suit", "block": "28"}, "31": {"becameSuitTime": 1472066665.763, "savedBy": null, "track": "l", "numFloors": "4", "difficulty": "5", "state": "suit", "block": "31"}}