{"40": {"becameSuitTime": 1472066583.523, "savedBy": null, "track": "c", "numFloors": "4", "difficulty": "7", "state": "suit", "block": "40"}, "44": {"becameSuitTime": 1472066429.484, "savedBy": null, "track": "c", "numFloors": "5", "difficulty": "8", "state": "suit", "block": "44"}, "13": {"becameSuitTime": 1472066429.489, "savedBy": null, "track": "c", "numFloors": "4", "difficulty": "7", "state": "suit", "block": "13"}, "50": {"becameSuitTime": 1472066429.488, "savedBy": null, "track": "l", "numFloors": "6", "difficulty": "9", "state": "suit", "block": "50"}, "19": {"becameSuitTime": 1472066429.49, "savedBy": null, "track": "c", "numFloors": "5", "difficulty": "7", "state": "suit", "block": "19"}, "26": {"becameSuitTime": 1472066550.375, "savedBy": null, "track": "s", "numFloors": "5", "difficulty": "7", "state": "suit", "block": "26"}, "27": {"becameSuitTime": 1472066429.485, "savedBy": null, "track": "c", "numFloors": "6", "difficulty": "9", "state": "suit", "block": "27"}, "28": {"becameSuitTime": 1472066737.868, "savedBy": null, "track": "c", "numFloors": "5", "difficulty": "8", "state": "suit", "block": "28"}}