{"27": {"becameSuitTime": 1472313412.684, "savedBy": null, "track": "l", "numFloors": "5", "difficulty": "8", "state": "suit", "block": "27"}, "26": {"becameSuitTime": 1472313447.681, "savedBy": null, "track": "s", "numFloors": "4", "difficulty": "7", "state": "suit", "block": "26"}, "19": {"becameSuitTime": 1472313412.684, "savedBy": null, "track": "l", "numFloors": "5", "difficulty": "7", "state": "suit", "block": "19"}, "21": {"becameSuitTime": 1472313412.685, "savedBy": null, "track": "l", "numFloors": "6", "difficulty": "9", "state": "suit", "block": "21"}}