{"12": {"becameSuitTime": 1472066428.961, "savedBy": null, "track": "l", "numFloors": "6", "difficulty": "9", "state": "suit", "block": "12"}, "14": {"becameSuitTime": 1472066631.788, "savedBy": null, "track": "l", "numFloors": "5", "difficulty": "8", "state": "suit", "block": "14"}, "17": {"becameSuitTime": 1472066428.961, "savedBy": null, "track": "l", "numFloors": "5", "difficulty": "8", "state": "suit", "block": "17"}, "18": {"becameSuitTime": 1472066428.96, "savedBy": null, "track": "m", "numFloors": "5", "difficulty": "7", "state": "suit", "block": "18"}, "24": {"becameSuitTime": 1472066607.956, "savedBy": null, "track": "l", "numFloors": "5", "difficulty": "8", "state": "suit", "block": "24"}, "29": {"becameSuitTime": 1472066428.961, "savedBy": null, "track": "l", "numFloors": "6", "difficulty": "9", "state": "suit", "block": "29"}, "30": {"becameSuitTime": 1472066751.664, "savedBy": null, "track": "l", "numFloors": "5", "difficulty": "6", "state": "suit", "block": "30"}}