{"24": {"becameSuitTime": 1472066754.501, "savedBy": null, "track": "l", "numFloors": "3", "difficulty": "3", "state": "suit", "block": "24"}, "27": {"becameSuitTime": 1472066704.325, "savedBy": null, "track": "c", "numFloors": "1", "difficulty": "1", "state": "suit", "block": "27"}, "20": {"becameSuitTime": 1472066427.792, "savedBy": null, "track": "c", "numFloors": "1", "difficulty": "2", "state": "suit", "block": "20"}, "14": {"becameSuitTime": 1472066586.668, "savedBy": null, "track": "c", "numFloors": "2", "difficulty": "2", "state": "suit", "block": "14"}}