{"11": {"becameSuitTime": 1471739314.01, "savedBy": null, "track": "s", "numFloors": "3", "difficulty": "3", "state": "suit", "block": "11"}, "27": {"becameSuitTime": 1471739598.296, "savedBy": null, "track": "s", "numFloors": "3", "difficulty": "4", "state": "suit", "block": "27"}, "35": {"becameSuitTime": 1471739314.011, "savedBy": null, "track": "m", "numFloors": "3", "difficulty": "3", "state": "suit", "block": "35"}, "36": {"becameSuitTime": 1471739412.21, "savedBy": null, "track": "s", "numFloors": "2", "difficulty": "3", "state": "suit", "block": "36"}}