{"17": {"becameSuitTime": 1471739622.4, "savedBy": null, "track": "c", "numFloors": "1", "difficulty": "1", "state": "suit", "block": "17"}, "59": {"becameSuitTime": 1471739535.957, "savedBy": null, "track": "s", "numFloors": "1", "difficulty": "1", "state": "suit", "block": "59"}, "53": {"becameSuitTime": 1471739598.418, "savedBy": null, "track": "m", "numFloors": "2", "difficulty": "1", "state": "suit", "block": "53"}, "38": {"becameSuitTime": 1471739427.881, "savedBy": null, "track": "c", "numFloors": "1", "difficulty": "2", "state": "suit", "block": "38"}}