{"10": {"becameSuitTime": 1471739315.039, "savedBy": null, "track": "l", "numFloors": "4", "difficulty": "7", "state": "suit", "block": "10"}, "12": {"becameSuitTime": 1471739598.338, "savedBy": null, "track": "l", "numFloors": "5", "difficulty": "8", "state": "suit", "block": "12"}, "14": {"becameSuitTime": 1471739315.038, "savedBy": null, "track": "l", "numFloors": "6", "difficulty": "9", "state": "suit", "block": "14"}, "15": {"becameSuitTime": 1471739315.037, "savedBy": null, "track": "l", "numFloors": "5", "difficulty": "8", "state": "suit", "block": "15"}, "16": {"becameSuitTime": 1471739315.037, "savedBy": null, "track": "l", "numFloors": "5", "difficulty": "8", "state": "suit", "block": "16"}, "17": {"becameSuitTime": 1471739375.752, "savedBy": null, "track": "l", "numFloors": "5", "difficulty": "7", "state": "suit", "block": "17"}, "18": {"becameSuitTime": 1471739517.529, "savedBy": null, "track": "l", "numFloors": "5", "difficulty": "7", "state": "suit", "block": "18"}, "21": {"becameSuitTime": 1471739528.429, "savedBy": null, "track": "l", "numFloors": "4", "difficulty": "7", "state": "suit", "block": "21"}, "23": {"becameSuitTime": 1471739430.891, "savedBy": null, "track": "l", "numFloors": "3", "difficulty": "6", "state": "suit", "block": "23"}, "25": {"becameSuitTime": 1471739315.038, "savedBy": null, "track": "l", "numFloors": "5", "difficulty": "7", "state": "suit", "block": "25"}}