{"17": {"becameSuitTime": 1472066690.912, "savedBy": null, "track": "m", "numFloors": "3", "difficulty": "2", "state": "suit", "block": "17"}, "26": {"becameSuitTime": 1472066784.842, "savedBy": null, "track": "m", "numFloors": "2", "difficulty": "4", "state": "becomingSuit", "block": "26"}, "27": {"becameSuitTime": 1472066427.806, "savedBy": null, "track": "m", "numFloors": "3", "difficulty": "3", "state": "suit", "block": "27"}, "12": {"becameSuitTime": 1472066779.381, "savedBy": null, "track": "m", "numFloors": "1", "difficulty": "2", "state": "suit", "block": "12"}, "23": {"becameSuitTime": 1472066486.165, "savedBy": null, "track": "m", "numFloors": "3", "difficulty": "3", "state": "suit", "block": "23"}}