{"4": {"becameSuitTime": 1472066429.544, "savedBy": null, "track": "c", "numFloors": "5", "difficulty": "7", "state": "suit", "block": "4"}, "6": {"becameSuitTime": 1472066429.545, "savedBy": null, "track": "l", "numFloors": "4", "difficulty": "7", "state": "suit", "block": "6"}, "9": {"becameSuitTime": 1472066429.545, "savedBy": null, "track": "m", "numFloors": "4", "difficulty": "7", "state": "suit", "block": "9"}, "13": {"becameSuitTime": 1472066429.547, "savedBy": null, "track": "m", "numFloors": "6", "difficulty": "9", "state": "suit", "block": "13"}, "14": {"becameSuitTime": 1472066429.546, "savedBy": null, "track": "c", "numFloors": "6", "difficulty": "9", "state": "suit", "block": "14"}, "21": {"becameSuitTime": 1472066591.89, "savedBy": null, "track": "c", "numFloors": "5", "difficulty": "7", "state": "suit", "block": "21"}, "24": {"becameSuitTime": 1472066464.366, "savedBy": null, "track": "l", "numFloors": "5", "difficulty": "8", "state": "suit", "block": "24"}, "26": {"becameSuitTime": 1472066713.492, "savedBy": null, "track": "m", "numFloors": "4", "difficulty": "7", "state": "suit", "block": "26"}, "27": {"becameSuitTime": 1472066624.903, "savedBy": null, "track": "l", "numFloors": "5", "difficulty": "7", "state": "suit", "block": "27"}, "28": {"becameSuitTime": 1472066429.546, "savedBy": null, "track": "c", "numFloors": "5", "difficulty": "7", "state": "suit", "block": "28"}}