{"49": {"becameSuitTime": 1472066696.154, "savedBy": null, "track": "s", "numFloors": "2", "difficulty": "1", "state": "suit", "block": "49"}, "11": {"becameSuitTime": 1472066651.696, "savedBy": null, "track": "m", "numFloors": "2", "difficulty": "1", "state": "suit", "block": "11"}, "16": {"becameSuitTime": 1472066738.956, "savedBy": null, "track": "s", "numFloors": "1", "difficulty": "1", "state": "suit", "block": "16"}, "17": {"becameSuitTime": 1472066744.05, "savedBy": null, "track": "s", "numFloors": "3", "difficulty": "2", "state": "suit", "block": "17"}, "18": {"becameSuitTime": 1472066692.519, "savedBy": null, "track": "m", "numFloors": "2", "difficulty": "2", "state": "suit", "block": "18"}, "25": {"becameSuitTime": 1472066509.881, "savedBy": null, "track": "l", "numFloors": "2", "difficulty": "2", "state": "suit", "block": "25"}, "63": {"becameSuitTime": 1472066765.024, "savedBy": null, "track": "s", "numFloors": "3", "difficulty": "2", "state": "suit", "block": "63"}}