{"44": {"becameSuitTime": 1471739315.437, "savedBy": null, "track": "l", "numFloors": "5", "difficulty": "8", "state": "suit", "block": "44"}, "47": {"becameSuitTime": 1471739526.28, "savedBy": null, "track": "s", "numFloors": "4", "difficulty": "7", "state": "suit", "block": "47"}, "17": {"becameSuitTime": 1471739315.435, "savedBy": null, "track": "s", "numFloors": "4", "difficulty": "7", "state": "suit", "block": "17"}, "22": {"becameSuitTime": 1471739315.436, "savedBy": null, "track": "l", "numFloors": "6", "difficulty": "9", "state": "suit", "block": "22"}, "28": {"becameSuitTime": 1471739315.436, "savedBy": null, "track": "l", "numFloors": "5", "difficulty": "7", "state": "suit", "block": "28"}, "30": {"becameSuitTime": 1471739416.76, "savedBy": null, "track": "l", "numFloors": "5", "difficulty": "8", "state": "suit", "block": "30"}, "31": {"becameSuitTime": 1471739315.437, "savedBy": null, "track": "c", "numFloors": "6", "difficulty": "9", "state": "suit", "block": "31"}}