{"44": {"becameSuitTime": 1471739315.466, "savedBy": null, "track": "m", "numFloors": "5", "difficulty": "8", "state": "suit", "block": "44"}, "12": {"becameSuitTime": 1471739558.235, "savedBy": null, "track": "c", "numFloors": "5", "difficulty": "8", "state": "suit", "block": "12"}, "15": {"becameSuitTime": 1471739315.464, "savedBy": null, "track": "m", "numFloors": "6", "difficulty": "9", "state": "suit", "block": "15"}, "16": {"becameSuitTime": 1471739315.463, "savedBy": null, "track": "m", "numFloors": "5", "difficulty": "7", "state": "suit", "block": "16"}, "17": {"becameSuitTime": 1471739420.717, "savedBy": null, "track": "m", "numFloors": "5", "difficulty": "8", "state": "suit", "block": "17"}, "19": {"becameSuitTime": 1471739315.465, "savedBy": null, "track": "m", "numFloors": "4", "difficulty": "7", "state": "suit", "block": "19"}, "21": {"becameSuitTime": 1471739477.537, "savedBy": null, "track": "m", "numFloors": "5", "difficulty": "8", "state": "suit", "block": "21"}, "55": {"becameSuitTime": 1471739315.465, "savedBy": null, "track": "m", "numFloors": "7", "difficulty": "10", "state": "suit", "block": "55"}, "53": {"becameSuitTime": 1471739315.464, "savedBy": null, "track": "m", "numFloors": "6", "difficulty": "9", "state": "suit", "block": "53"}}