{"41": {"becameSuitTime": 1472066716.747, "savedBy": null, "track": "s", "numFloors": "1", "difficulty": "1", "state": "suit", "block": "41"}, "21": {"becameSuitTime": 1472066547.733, "savedBy": null, "track": "s", "numFloors": "1", "difficulty": "2", "state": "suit", "block": "21"}, "14": {"becameSuitTime": 1472066775.606, "savedBy": null, "track": "s", "numFloors": "1", "difficulty": "0", "state": "suit", "block": "14"}, "29": {"becameSuitTime": 1472066569.234, "savedBy": null, "track": "m", "numFloors": "3", "difficulty": "2", "state": "suit", "block": "29"}}