{"36": {"becameSuitTime": 1471739314.999, "savedBy": null, "track": "c", "numFloors": "4", "difficulty": "5", "state": "suit", "block": "36"}, "11": {"becameSuitTime": 1471739314.998, "savedBy": null, "track": "c", "numFloors": "4", "difficulty": "5", "state": "suit", "block": "11"}, "13": {"becameSuitTime": 1471739315.001, "savedBy": null, "track": "c", "numFloors": "3", "difficulty": "6", "state": "suit", "block": "13"}, "47": {"becameSuitTime": 1471739536.922, "savedBy": null, "track": "c", "numFloors": "4", "difficulty": "6", "state": "suit", "block": "47"}, "18": {"becameSuitTime": 1471739315.0, "savedBy": null, "track": "c", "numFloors": "4", "difficulty": "7", "state": "suit", "block": "18"}, "21": {"becameSuitTime": 1471739524.049, "savedBy": null, "track": "l", "numFloors": "3", "difficulty": "5", "state": "suit", "block": "21"}, "24": {"becameSuitTime": 1471739468.548, "savedBy": null, "track": "c", "numFloors": "4", "difficulty": "5", "state": "suit", "block": "24"}, "29": {"becameSuitTime": 1471739673.204, "savedBy": null, "track": "c", "numFloors": "3", "difficulty": "6", "state": "suit", "block": "29"}, "53": {"becameSuitTime": 1471739648.871, "savedBy": null, "track": "c", "numFloors": "3", "difficulty": "6", "state": "suit", "block": "53"}}