{"36": {"becameSuitTime": 1472066652.345, "savedBy": null, "track": "l", "numFloors": "3", "difficulty": "3", "state": "suit", "block": "36"}, "38": {"becameSuitTime": 1472066428.601, "savedBy": null, "track": "c", "numFloors": "4", "difficulty": "6", "state": "suit", "block": "38"}, "41": {"becameSuitTime": 1472066468.539, "savedBy": null, "track": "c", "numFloors": "3", "difficulty": "3", "state": "suit", "block": "41"}, "49": {"becameSuitTime": 1472066631.79, "savedBy": null, "track": "l", "numFloors": "3", "difficulty": "5", "state": "suit", "block": "49"}, "50": {"becameSuitTime": 1472066428.601, "savedBy": null, "track": "c", "numFloors": "3", "difficulty": "4", "state": "suit", "block": "50"}, "19": {"becameSuitTime": 1472066428.601, "savedBy": null, "track": "c", "numFloors": "5", "difficulty": "6", "state": "suit", "block": "19"}, "54": {"becameSuitTime": 1472066489.187, "savedBy": null, "track": "c", "numFloors": "2", "difficulty": "3", "state": "suit", "block": "54"}}