{"48": {"becameSuitTime": 1472066681.057, "savedBy": null, "track": "l", "numFloors": "1", "difficulty": "0", "state": "suit", "block": "48"}, "34": {"becameSuitTime": 1472066704.203, "savedBy": null, "track": "m", "numFloors": "1", "difficulty": "1", "state": "suit", "block": "34"}, "44": {"becameSuitTime": 1472066571.773, "savedBy": null, "track": "s", "numFloors": "1", "difficulty": "2", "state": "suit", "block": "44"}, "39": {"becameSuitTime": 1472066706.342, "savedBy": null, "track": "s", "numFloors": "2", "difficulty": "1", "state": "suit", "block": "39"}}