{"26": {"becameSuitTime": 1472313412.657, "savedBy": null, "track": "l", "numFloors": "3", "difficulty": "5", "state": "suit", "block": "26"}, "19": {"becameSuitTime": 1472313412.657, "savedBy": null, "track": "s", "numFloors": "5", "difficulty": "7", "state": "suit", "block": "19"}, "29": {"becameSuitTime": 1472313412.658, "savedBy": null, "track": "s", "numFloors": "5", "difficulty": "6", "state": "suit", "block": "29"}, "30": {"becameSuitTime": 1472313412.657, "savedBy": null, "track": "l", "numFloors": "3", "difficulty": "6", "state": "suit", "block": "30"}, "31": {"becameSuitTime": 1472313458.296, "savedBy": null, "track": "l", "numFloors": "3", "difficulty": "5", "state": "suit", "block": "31"}}