{"34": {"becameSuitTime": 1471739315.022, "savedBy": null, "track": "l", "numFloors": "4", "difficulty": "7", "state": "suit", "block": "34"}, "36": {"becameSuitTime": 1471739315.022, "savedBy": null, "track": "l", "numFloors": "3", "difficulty": "5", "state": "suit", "block": "36"}, "37": {"becameSuitTime": 1471739398.003, "savedBy": null, "track": "s", "numFloors": "2", "difficulty": "4", "state": "suit", "block": "37"}, "10": {"becameSuitTime": 1471739315.021, "savedBy": null, "track": "s", "numFloors": "5", "difficulty": "6", "state": "suit", "block": "10"}, "11": {"becameSuitTime": 1471739589.935, "savedBy": null, "track": "m", "numFloors": "4", "difficulty": "5", "state": "suit", "block": "11"}, "15": {"becameSuitTime": 1471739543.858, "savedBy": null, "track": "l", "numFloors": "3", "difficulty": "5", "state": "suit", "block": "15"}, "22": {"becameSuitTime": 1471739605.212, "savedBy": null, "track": "c", "numFloors": "2", "difficulty": "4", "state": "suit", "block": "22"}, "24": {"becameSuitTime": 1471739315.023, "savedBy": null, "track": "m", "numFloors": "5", "difficulty": "7", "state": "suit", "block": "24"}, "26": {"becameSuitTime": 1471739581.278, "savedBy": null, "track": "c", "numFloors": "3", "difficulty": "6", "state": "suit", "block": "26"}, "28": {"becameSuitTime": 1471739571.109, "savedBy": null, "track": "c", "numFloors": "4", "difficulty": "5", "state": "suit", "block": "28"}, "31": {"becameSuitTime": 1471739651.07, "savedBy": null, "track": "l", "numFloors": "4", "difficulty": "6", "state": "suit", "block": "31"}}