{"24": {"becameSuitTime": 1472313412.644, "savedBy": null, "track": "c", "numFloors": "3", "difficulty": "5", "state": "suit", "block": "24"}, "50": {"becameSuitTime": 1472313412.645, "savedBy": null, "track": "c", "numFloors": "4", "difficulty": "7", "state": "suit", "block": "50"}, "47": {"becameSuitTime": 1472313412.644, "savedBy": null, "track": "c", "numFloors": "4", "difficulty": "6", "state": "suit", "block": "47"}, "22": {"becameSuitTime": 1472313412.645, "savedBy": null, "track": "c", "numFloors": "4", "difficulty": "6", "state": "suit", "block": "22"}, "23": {"becameSuitTime": 1472313412.646, "savedBy": null, "track": "c", "numFloors": "4", "difficulty": "7", "state": "suit", "block": "23"}}