{"10": {"becameSuitTime": 1472066696.473, "savedBy": null, "track": "c", "numFloors": "4", "difficulty": "4", "state": "suit", "block": "10"}, "13": {"becameSuitTime": 1472066567.468, "savedBy": null, "track": "l", "numFloors": "3", "difficulty": "2", "state": "suit", "block": "13"}, "14": {"becameSuitTime": 1472066506.558, "savedBy": null, "track": "s", "numFloors": "4", "difficulty": "4", "state": "suit", "block": "14"}, "15": {"becameSuitTime": 1472066663.141, "savedBy": null, "track": "s", "numFloors": "2", "difficulty": "4", "state": "suit", "block": "15"}, "21": {"becameSuitTime": 1472066773.346, "savedBy": null, "track": "s", "numFloors": "1", "difficulty": "2", "state": "suit", "block": "21"}, "25": {"becameSuitTime": 1472066428.171, "savedBy": null, "track": "s", "numFloors": "3", "difficulty": "3", "state": "suit", "block": "25"}, "27": {"becameSuitTime": 1472066750.468, "savedBy": null, "track": "l", "numFloors": "4", "difficulty": "5", "state": "suit", "block": "27"}}