{"16": {"becameSuitTime": 1472313413.018, "savedBy": null, "track": "m", "numFloors": "4", "difficulty": "7", "state": "suit", "block": "16"}, "52": {"becameSuitTime": 1472313413.019, "savedBy": null, "track": "m", "numFloors": "5", "difficulty": "8", "state": "suit", "block": "52"}, "36": {"becameSuitTime": 1472313413.019, "savedBy": null, "track": "m", "numFloors": "4", "difficulty": "7", "state": "suit", "block": "36"}, "15": {"becameSuitTime": 1472313413.02, "savedBy": null, "track": "m", "numFloors": "5", "difficulty": "7", "state": "suit", "block": "15"}}