{"16": {"becameSuitTime": 1472066428.145, "savedBy": null, "track": "s", "numFloors": "2", "difficulty": "3", "state": "suit", "block": "16"}, "17": {"becameSuitTime": 1472066428.146, "savedBy": null, "track": "s", "numFloors": "4", "difficulty": "4", "state": "suit", "block": "17"}, "13": {"becameSuitTime": 1472066717.976, "savedBy": null, "track": "m", "numFloors": "3", "difficulty": "2", "state": "suit", "block": "13"}, "21": {"becameSuitTime": 1472066718.782, "savedBy": null, "track": "s", "numFloors": "2", "difficulty": "1", "state": "suit", "block": "21"}}